DATUM_ABSTIMMUNG,VORLAGE_NR,VORLAGE_BEZEICHNUNG,VORLAGE_BEZEICHNUNG_Lang,D1E1_BEZEICHNUNG,D1E1_CODE,D1E2_BEZEICHNUNG,D1E2_CODE,D1E3_BEZEICHNUNG,D1E3_CODE,D2E1_BEZEICHNUNG,D2E1_CODE,D2E2_BEZEICHNUNG,D2E2_CODE,D2E3_BEZEICHNUNG,D2E3_CODE,D3E1_BEZEICHNUNG,D3E1_CODE,D3E2_BEZEICHNUNG,D3E2_CODE,D3E3_BEZEICHNUNG,D3E3_CODE,INDIKATOREN ,VORLAGEART_CODE,VORLAGEART_BEZEICHNUNG,STIMMBERECHTIGTE,EINGELEGTE_STIMMZETTEL,LEERE_STIMMEN,UNGUELTIGE_STIMMZETTEL,GUELTIGE_STIMMEN,JA_STIMMEN,NEIN_STIMMEN,STIMMBETEILIGUNG,JA_STIMMEN_PROZENT
12.03.2000,1,Bundesbeschluss über die Reform der Justiz,Bundesbeschluss über die Reform der Justiz,Staatsordnung,1,Institutionen,13,Gerichte,133,.,.,.,.,.,.,.,.,.,.,.,.,Durchschnittliche Stimmbeteiligung,3,Obligatorisches Referendum,141460,58215,,,54894,45740,9154,41.2,83.3
12.03.2000,2,Volksinitiative für die Beschleunigung der direkten Demokratie,"Volksinitiative ""für die Beschleunigung der direkten Demokratie (Behandlungsfristen für Volksinitiativen in Form eines ausgearbeiteten Entwurfs)""",Staatsordnung,1,Volksrechte,14,Initiative,141,Staatsordnung,1,Politisches System,12,Verfassungsgebungsverfahren,122,.,.,.,.,.,.,Durchschnittliche Stimmbeteiligung,1,Volksinitiative,141460,58562,,,56421,18093,38328,41.4,32.1
12.03.2000,3,Verkehrshalbierungs-Initiative,"Volksinitiative ""für die Halbierung des motorisierten Strassenverkehrs zur Erhaltung und Verbesserung von Lebensräumen (Verkehrshalbierungs-Initiative)""",Verkehr und Infrastruktur,8,Verkehrspolitik,81,.,.,Umwelt und Lebensraum,9,Umwelt,93,Umweltpolitik,931,.,.,.,.,.,.,noch in Abklärung welche Indikatoren auf Gemeinde- ebene verfügbar sind -> Verfügbarkeit ÖV-Abo oder Fahrzeug auf Ebene Bezirk verfügbar,1,Volksinitiative,141460,59106,,,57700,10532,47168,41.8,18.3
12.03.2000,4,Volksinitiative Gerechte Vertretung der Frauen in Bundesbehörden,"Volksinitiative ""für eine gerechte Vertretung der Frauen in den Bundesbehörden(Initiative 3. März)""",Soziale Fragen - Sozialpolitik,10,Soziale Gruppen,103,Stellung der Frau,1033,Staatsordnung,1,Institutionen,13,.,.,Staatsordnung,1,Politisches System,12,Wahlsystem,124,Monithurdaten zu Frauenvertretung auf Gemeindeebene vorhanden?,1,Volksinitiative,141460,58927,,,57124,7767,49357,41.7,13.6
12.03.2000,5,Volksinitiative für menschenwürdige Fortpflanzung,"Volksinitiative ""zum Schutz des Menschen vor Manipulationen in der Fortpflanzungstechnologie (Initiative für menschenwürdige Fortpflanzung)""",Soziale Fragen - Sozialpolitik,10,Gesundheit,101,Fortpflanzungsmedizin,1015,Bildung und Forschung,11,Forschung,114,.,.,.,.,.,.,.,.,???,1,Volksinitiative,141460,58937,,,56673,18349,38324,41.7,32.4
21.05.2000,6,Bilaterale Abkommen der Schweiz mit der Europäischen Union,Bundesbeschluss über die Genehmigung der sektoriellen Abkommen zwischen der Schweizerischen Eidgenossenschaft einerseits und der Europäischen Gemeinschaft sowie gegebenenfalls ihren Mitgliedstaaten oder der Europäischen Atomgemeinschaft andererseits,Aussenpolitik,2,Europapolitik,22,EU,222,.,.,.,.,.,.,.,.,.,.,.,.,"Grenzgängeranteil, Parteistärke SVP bei Grossratswahlen",3,Obligatorisches Referendum,141611,65237,,,63980,36569,27411,46.1,57.2
24.09.2000,7,Gegenentwurf zur Solarinitiative,"Gegenentwurf: Verfassungsartikel über eine Förderabgabe für erneuerbare Energien (Gegenentwurf zur Volksinitiative ""für einen Solarrappen (Solarinitiative)""",Energie,7,Alternativenergien,74,.,.,Öffentliche Finanzen,6,Steuerwesen,61,Indirekte Steuern,614,Umwelt und Lebensraum,9,Umwelt,93,Umweltpolitik,931,Parteistärke Grüne bei Grossratswahlen,3,Volksinitiative mit Gegenentwurf: Gegenentwurf,142428,60983,,,58672,22997,33718,42.8,40.5
24.09.2000,8,Verfassungsartikel über eine Energielenkungsangabe für die Umwelt,"Verfassungsartikel über eine Energielenkungsabgabe für die Umwelt (Gegenentwurf zur zurückgezogenen ""Energie-Umwelt-Initiative)",Energie,7,Energiepolitik,71,.,.,Öffentliche Finanzen,6,Steuerwesen,61,Indirekte Steuern,614,Umwelt und Lebensraum,9,Umwelt,93,Umweltpolitik,931,Parteistärke Grüne bei Grossratswahlen,3,Obligatorisches Referendum,142428,61263,,,58468,24470,33998,43,41.9
24.09.2000,9,Volksinitiative für eine Regelung der Zuwanderung,"Volksinitiative ""für eine Regelung der Zuwanderung""",Soziale Fragen - Sozialpolitik,10,Soziale Gruppen,103,Ausländerpolitik,1031,.,.,.,.,.,.,.,.,.,.,.,.,Ausländeranteil,1,Volksinitiative,142428,61521,,,59969,26443,33526,43.2,44.1
24.09.2000,10,Solarinitiative,"Volksinitiative ""für einen Solarrappen (Solarinitiative)""",Energie,7,Alternativenergien,74,.,.,Öffentliche Finanzen,6,Steuerwesen,61,Indirekte Steuern,614,Umwelt und Lebensraum,9,Umwelt,93,Umweltpolitik,931,Parteistärke Grüne bei Grossratswahlen,2,Volksinitiative mit Gegenentwurf: Initiative,142428,60983,,,58672,16151,41715,42.8,27.9
24.09.2000,11,Volksinitiative Konstruktives Referendum,"Volksinitiative ""Mehr Rechte für das Volk dank dem Referendum mit Gegenvorschlag (Konstruktives Referendum)""",Staatsordnung,1,Volksrechte,14,.,142,.,.,.,.,.,.,.,.,.,.,.,.,Durchschnittliche Stimmbeteiligung,1,Volksinitiative,142428,61175,,,57626,17940,39686,43,31.1
26.11.2000,12,Bundespersonalgesetz,Bundespersonalgesetz (BPG),Staatsordnung,1,Institutionen,13,Regierung Verwaltung,131,.,.,.,.,.,.,.,.,.,.,.,.,Durchschnittliche Stimmbeteiligung,4,Fakultatives Referendum,142468,57461,,,54924,40022,14902,40.3,72.9
26.11.2000,13,Volksinitiative für eine flexibles Rentenalter ab 62,"Volksinitiative ""für ein flexibles Rentenalter ab 62 für Frau und Mann""",Soziale Fragen - Sozialpolitik,10,Sozialversicherungen,102,Alters- und Hinterbliebenenversicherung,1021,Soziale Fragen - Sozialpolitik,10,Soziale Gruppen,103,Stellung der Frau,1033,.,.,.,.,.,.,Anteil Personen im Rentenalter,1,Volksinitiative,142468,57636,,,56372,21929,34443,40.5,38.9
26.11.2000,14,Volksinitiative für eine Flexibilisierung der AHV,"Volksinitiative ""für eine Flexibilisierung der AHV - gegen die Erhöhung des Rentenalters für Frauen""",Soziale Fragen - Sozialpolitik,10,Sozialversicherungen,102,Alters- und Hinterbliebenenversicherung,1021,Soziale Fragen - Sozialpolitik,10,Soziale Gruppen,103,Stellung der Frau,1033,.,.,.,.,.,.,Anteil Personen im Rentenalter,1,Volksinitiative,142468,57534,,,56071,17819,38252,40.4,31.8
26.11.2000,15,Volksinitiative für tiefere Spitalkosten,"Volksinitiative ""für tiefere Spitalkosten""",Soziale Fragen - Sozialpolitik,10,Gesundheit,101,Gesundheitspolitik,1011,Soziale Fragen - Sozialpolitik,10,Sozialversicherungen,102,Kranken- und Unfallversicherung,1024,.,.,.,.,.,.,Gesundheitskosten (auf Gemeindeebene verfügbar???),1,Volksinitiative,142468,57577,,,56131,11806,44325,40.4,21
26.11.2000,16,Umverteilungsinitiative,"Volksinitiative ""Sparen beim Militär und der Gesamtverteidigung - für mehr Frieden und zukunftsgerichtete Arbeitsplätze (Umverteilungsinitiative)""",Sicherheitspolitik,3,Armee,32,Armee (allgemein),321,.,.,.,.,.,.,.,.,.,.,.,.,Parteistärke Bürgerliche bei Grossratswahlen,1,Volksinitiative,142468,57608,,,56313,15825,40488,40.4,28.1
04.03.2001,17,Volksinitiative Strassen für alle,"Volksinitiative ""für mehr Verkehrssicherheit durch Tempo 30 innerorts mit Ausnahmen (Strassen für alle)""",Verkehr und Infrastruktur,8,Strassenverkehr,82,.,.,Umwelt und Lebensraum,9,Umwelt,93,Umweltpolitik,931,.,.,.,.,.,.,Unfallstatistik (auf Gemeinde- oder regionaler Ebene verfügbar???),1,Volksinitiative,142678,75859,,,74294,12633,61661,53.2,17
04.03.2001,18,Volksinitiative für tiefere Arzneimittelpreise,"Volksinitiative ""für tiefere Arzneimittelpreise""",Soziale Fragen - Sozialpolitik,10,Gesundheit,101,Medikamente,1013,.,.,.,.,.,.,.,.,.,.,.,.,Gesundheitskosten (auf Gemeindeebene verfügbar???),1,Volksinitiative,142678,76085,,,74051,25062,48989,53.3,33.8
04.03.2001,19,Volksinitiative Ja zu Europa,"Volksinitiative ""Ja zu Europa!""",Aussenpolitik,2,Europapolitik,22,EU,222,.,.,.,.,.,.,.,.,.,.,.,.,"Grenzgängeranteil, Parteistärke SVP bei Grossratswahlen",1,Volksinitiative,142678,76146,,,74491,10192,64299,53.4,13.7
10.06.2001,20,Änderung Militärgesetzt betreffend Ausbildungszusammenarbeit,Änderung des Bundesgesetzes über die Armee und die Militärverwaltung (Militärgesetz: MG) (Ausbildungszusammenarbeit),Sicherheitspolitik,3,Armee,32,Militärische Ausbildung,328,Sicherheitspolitik,3,Armee,32,Internationale Einsätze,329,.,.,.,.,.,.,Parteistärke Bürgerliche bei Grossratswahlen,4,Fakultatives Referendum,143055,60886,,,59366,27544,31822,42.6,46.4
10.06.2001,21,Änderung Militärgesetzt betreffend Bewaffnung,Änderung des Bundesgesetzes über die Armee und die Militärverwaltung (Militärgesetz: MG) (Bewaffnung),Sicherheitspolitik,3,Armee,32,Armee (allgemein),321,Sicherheitspolitik,3,Armee,32,Internationale Einsätze,329,.,.,.,.,.,.,Parteistärke Bürgerliche bei Grossratswahlen,4,Fakultatives Referendum,143055,60830,,,59454,27489,31965,42.5,46.2
10.06.2001,22,Bundesbeschluss betreffend Errichtung von Bistümern,Bundesbeschluss über die Aufhebung der Genehmigungspflicht für die Errichtung von Bistümern,Kultur Religion Medien,12,Religion - Kirchen,123,.,.,.,.,.,.,.,.,.,.,.,.,.,.,Anteil Katholiken,3,Obligatorisches Referendum,143055,60368,,,56889,37246,19643,42.2,65.5
02.12.2001,23,Bundesbeschluss über eine Schuldenbremse,Bundesbeschluss über eine Schuldenbremse,Öffentliche Finanzen,6,Ausgabenordnung,63,.,.,Öffentliche Finanzen,6,Ausgabenordnung,63,.,.,.,.,.,.,.,.,Nettovermögen/-schuld,3,Obligatorisches Referendum,143649,52244,,,50724,45006,5718,36.4,88.7
02.12.2001,24,Volksinitiative für eine gesicherte AHV,"Volksinitiative ""für eine gesicherte AHV - Energie statt Arbeit besteuern!""",Energie,7,Energiepolitik,71,.,.,Öffentliche Finanzen,6,Steuerwesen,61,Indirekte Steuern,614,Soziale Fragen - Sozialpolitik,10,Sozialversicherungen,102,Alters- und Hinterbliebenenversicherung,1021,Anteil Personen im Rentenalter,1,Volksinitiative,143649,52243,,,50796,10874,39922,36.4,21.4
02.12.2001,25,Volksinitiative Schweiz ohne Armee,"Volksinitiative ""für eine glaubwürdige Sicherheitspolitik und eine Schweiz ohne Armee""",Sicherheitspolitik,3,Armee,32,Armeeabschaffung,327,.,.,.,.,.,.,.,.,.,.,.,.,Parteistärke Bürgerliche bei Grossratswahlen,1,Volksinitiative,143649,52321,,,51174,8169,43005,36.4,16
02.12.2001,26,Volksinitiative für eine Kapitalgewinnsteuer,"Volksinitiative ""für eine Kapitalgewinnsteuer""",Öffentliche Finanzen,6,Steuerwesen,61,Direkte Steuern,613,.,.,.,.,.,.,.,.,.,.,.,.,Steuerfuss/Steuerkraft,1,Volksinitiative,143649,52316,,,50858,15625,35233,36.4,30.7
02.12.2001,27,Volksinitiative für einen freiwilligen zivilen Friedensdienst,"Volksinitiative ""Solidarität schafft Sicherheit: für einen freiwilligen zivilen Friedensdienst (ZFD)""",Sicherheitspolitik,3,Armee,32,Dienstverweigerung - Zivildienst,325,.,.,.,.,.,.,.,.,.,.,.,.,Parteistärke Linke (Grüne/SP) an Grossratswahlen,1,Volksinitiative,143649,52285,,,50827,8420,42407,36.4,16.6
03.03.2002,28,Volksinitiative für den Beitritt der Schweiz zur UNO,"Volksinitiative ""für den Beitritt der Schweiz zur Organisation der Vereinten Nationen (UNO)""",Aussenpolitik,2,Internationale Organisationen,23,UNO,231,.,.,.,.,.,.,.,.,.,.,.,.,Parteistärke SVP an Grossratswahlen,1,Volksinitiative,143884,84274,,,82308,35572,46736,58.6,43.2
03.03.2002,29,Volksinitiative für eine kürzere Arbeitszeit,"Volksinitiative ""für eine kürzere Arbeitszeit""",Wirtschaft,4,Arbeit und Beschäftigung,42,Arbeitszeit,422,.,.,.,.,.,.,.,.,.,.,.,.,Parteistärke Linke (Grüne/SP) an Grossratswahlen,1,Volksinitiative,143884,84015,,,81958,14341,67617,58.4,17.5
02.06.2002,30,Änderung SGB betreffend Schwangerschaftsabbruch,Änderung des Schweizerischen Strafgesetzbuches (Schwangerschaftsabbruch),Staatsordnung,1,Rechtsordnung,16,Strafrecht,165,Soziale Fragen - Sozialpolitik,10,Soziale Gruppen,103,Stellung der Frau,1033,.,.,.,.,.,.,Parteistärke Linke (Grüne/SP) an Grossratswahlen,4,Fakultatives Referendum,144139,58047,,,56355,33699,22656,40.3,59.8
02.06.2002,31,Volksinitiative für Mutter und Kind,"Volksinitiative ""für Mutter und Kind - für den Schutz des ungeborenen Kindes und die Hilfe an seine Mutter in Not""",Staatsordnung,1,Rechtsordnung,16,Strafrecht,165,Staatsordnung,1,Rechtsordnung,16,Grundrechte,162,Soziale Fragen - Sozialpolitik,10,Soziale Gruppen,103,Stellung der Frau,1033,???,1,Volksinitiative,144139,57948,,,56171,13707,42464,40.2,24.4
22.09.2002,32,Gegenentwurf zur Goldinitiative,"""Gold für AHV, Kantone und Stiftung"" (Gegenentwurf zur Volksinitiative ""überschüssige Goldreserven in den AHV-Fonds (Goldinitiative)"")",Wirtschaft,4,Finanzwesen,43,Geld- und Währungspolitik,431,Soziale Fragen - Sozialpolitik,10,Sozialversicherungen,102,Alters- und Hinterbliebenenversicherung,1021,Staatsordnung,1,Föderalismus,15,Beziehung Bund-Kanton,152,Anteil Personen im Rentenalter,2,Volksinitiative mit Gegenvorschlag: Gegenvorschlag,144779,64708,,,61754,28849,32905,44.7,46.7
22.09.2002,33,Elektrizitätsmarktgesetz,Elektrizitätsmarktgesetz (EMG),Energie,7,Energiepolitik,71,.,.,.,.,.,.,.,.,.,.,.,.,.,.,Gebäude nach Heizungsart oder nach Energieträger für Heizung/Warmwasser,4,Fakultatives Referendum,144779,65182,,,63872,33076,29030,45,53.3
22.09.2002,34,Goldinitiative,"Volksinitiative ""überschüssige Goldreserven in den AHV-Fonds (Goldinitiative)""",Wirtschaft,4,Finanzwesen,43,Geld- und Währungspolitik,431,Soziale Fragen - Sozialpolitik,10,Sozialversicherungen,102,Alters- und Hinterbliebenenversicherung,1021,.,.,.,.,.,.,Anteil Personen im Rentenalter,2,Volksinitiative mit Gegenvorschlag: Initiative,144779,65182,,,63872,26208,34239,45,43.4
24.11.2002,35,Änderung Arbeitslosenversicherungsgesetz,Änderung des Bundesgesetzes über die obligatorische Arbeitslosenversicherung und die Insolvenzentschädigung (Arbeitslosenversicherungsgesetz AVIG),Soziale Fragen - Sozialpolitik,10,Sozialversicherungen,102,Arbeitslosenversicherung,1026,.,.,.,.,.,.,.,.,.,.,.,.,Arbeitslosenquote,4,Fakultatives Referendum,144986,69722,,,67101,40150,26951,48.1,59.8
24.11.2002,36,Volksinitiative gegen Asylmissbrauch,"Volksinitiative ""gegen Asylrechtsmissbrauch""",Soziale Fragen - Sozialpolitik,10,Soziale Gruppen,103,Flüchtlinge,1032,.,.,.,.,.,.,.,.,.,.,.,.,Parteistärke SVP bei Grossratswahlen,1,Volksinitiative,144986,70135,,,68594,41768,26826,48.4,60.9
09.02.2003,37,Bundesbeschluss über die Änderung der Volksrechte,Bundesbeschluss über die Änderung der Volksrechte,Staatsordnung,1,Volksrechte,14,Initiative,141,.,.,.,.,.,.,.,.,.,.,.,.,Durchschnittliche Stimmbeteiligung,3,Obligatorisches Referendum,145238,56966,,,53745,39169,14576,39.2,72.9
09.02.2003,38,BG über die Anpassung kantonaler Beiträge für interkantonale Spitalbehandlung,Bundesgesetz über die Anpassung der kantonalen Beiträge für die innerkantonalen stationären Behandlungen nach dem Bundesgesetz über die Krankenversicherung,Soziale Fragen - Sozialpolitik,10,Sozialversicherungen,102,Familienpolitik,1034,.,.,.,.,.,.,.,.,.,.,.,.,Gesundheitskosten (auf Gemeindeebene verfügbar???),4,Fakultatives Referendum,145238,56938,,,53619,40770,12849,39.2,76
18.05.2003,39,Änderung Militärgesetz,Änderung des Bundesgesetzes über die Armee und die Militärverwaltung (Militärgesetz: MG),Sicherheitspolitik,3,Armee,32,Militärausgaben,322,.,,.,.,.,.,.,.,.,.,.,.,Parteistärke Bürgerliche bei Grossratswahlen,4,Fakultatives Referendum,145689,69755,,,67232,47086,20146,47.9,70
18.05.2003,40,Bevölkerungs- und Zivilschutzgesetz,Bundesgesetz über den Bevölkerungsschutz und den Zivilschutz (Bevölkerungs- und Zivilschutzgesetz: BZG),Sicherheitspolitik,3,Öffentliche Sicherheit,31,Bevölkerungsschutz,311,.,.,.,.,.,.,.,.,.,.,.,.,Parteistärke Linke (Grüne/SP) an Grossratswahlen,4,Fakultatives Referendum,145689,69594,,,66960,49766,17194,47.8,74.3
18.05.2003,41,Volksinitiative für ein ausreichendes Berufsbildungsangebot,"Volksinitiative ""für ein ausreichendes Berufsbildungsangebot""",Bildung und Forschung,11,Berufsbildung,115,.,.,Soziale Fragen - Sozialpolitik,10,Soziale Gruppen,103,Kinder und Jugendliche,1035,Wirtschaft,4,Arbeit und Beschäftigung,42,Beschäftigungspolitik,424,???,1,Volksinitiative,145689,69673,,,67349,15374,51975,47.8,22.8
18.05.2003,42,Sonntags-Initiative,"Volksinitiative ""für einen autofreien Sonntag pro Jahreszeiten - Versuch für vier Jahre (Sonntags-Initiative)""",Verkehr und Infrastruktur,8,Strassenverkehr,82,.,.,.,.,.,.,.,.,.,.,.,.,.,.,Parteistärke Grüne bei Grossratswahlen,1,Volksinitiative,145689,69790,,,68422,23501,44921,47.9,34.3
18.05.2003,43,Gesundheitsinitiative,"Volksinitiative ""Gesundheit muss bezahlbar bleiben (Gesundheitsinitiative)""",Soziale Fragen - Sozialpolitik,10,Sozialversicherungen,102,Kranken- und Unfallversicherung,1024,.,.,.,.,.,.,.,.,.,.,.,.,Gesundheitskosten (auf Gemeindeebene verfügbar???),1,Volksinitiative,145689,69673,,,67652,12072,55580,47.8,17.8
18.05.2003,44,Volksinitiative Gleiche Rechte für Behinderte,"Volksinitiative ""Gleiche Rechte für Behinderte""",Soziale Fragen - Sozialpolitik,10,Soziale Gruppen,103,Invalide,1037,Staatsordnung,1,Rechtsordnung,16,Grundrechte,162,.,.,.,.,.,.,Sozialhilfeausgaben,1,Volksinitiative,145689,69786,,,67837,18476,49361,47.9,27.2
18.05.2003,45,Volksinitiative Ja zu fairen Mieten,"Volksinitiative ""Ja zu fairen Mieten""",Umwelt und Lebensraum,9,Wohnen,92,Mietwesen,921,.,.,.,.,.,.,.,.,.,.,.,.,Bodenpreise,1,Volksinitiative,145689,69757,,,67199,14782,52417,47.9,22
18.05.2003,46,Volkinitiative Moratorium Plus,"Volksinitiative ""Moratorium Plus - für die Verlängerung des Atomkraftwerk-Baustopps und die Begrenzung des Atomrisikos (Moratorium Plus)""",Energie,7,Kernenergie,72,.,.,Umwelt und Lebensraum,9,Umwelt,93,Umweltpolitik,931,.,.,.,.,.,.,Parteistärke Grüne bei Grossratswahlen,1,Volksinitiative,145689,69638,,,67477,23773,43704,47.8,35.2
18.05.2003,47,Volksinitiative Strom ohne Atom,"Volksinitiative ""Strom ohne Atom - für eine Energiewende und die schrittweise Stilllegung der Atomkraftwerke (Strom ohne Atom)""",Energie,7,Kernenergie,72,.,.,Umwelt und Lebensraum,9,Umwelt,93,Umweltpolitik,931,.,.,.,.,.,.,Parteistärke Grüne bei Grossratswahlen,1,Volksinitiative,145689,69808,,,68213,18213,50000,47.9,26.7
08.02.2004,48,Änderung OR betreffend Miete,Änderung des Obligationenrechts (Miete),Umwelt und Lebensraum,9,Wohnen,92,Mietwesen,921,Staatsordnung,1,Rechtsordnung,16,Privatrecht,164,.,.,.,.,.,.,Zahlen zu Anteil Mieter Eigentümer auf Gemeindeebene?,4,Fakultatives Referendum,146793,55791,2385,669,52737,23732,29005,38,45
08.02.2004,49,Gegenentwurf zur Avanti-Initiative,"Gegenentwurf der Bundesversammlung zur Volksinitiative ""Avanti - für sichere und leistungsfähige Autobahnen""",Verkehr und Infrastruktur,8,Verkehrspolitik,81,Agglomerationsverkehr,811,Verkehr und Infrastruktur,8,Strassenverkehr,82,Strassenbau,821,.,.,.,.,.,.,Anschluss Autobahn ja - nein,3,Obligatorisches Referendum,146793,56048,652,680,54716,18726,35990,38.2,34.2
08.02.2004,50,Volksinitiative Lebenslange Verwahrung Sexualstraftäter,"Volksinitiative ""Lebenslange Verwahrung für nicht therapierbare, extrem gefährliche Sexual- und Gewaltstraftäter",Staatsordnung,1,Rechtsordnung,16,Strafrecht,165,Sicherheitspolitik,3,Öffentliche Sicherheit,31,.,.,.,.,.,.,.,.,Regionale Straftatenstatistik,1,Volksinitiative,146793,55995,950,686,54359,32162,22197,38.1,59.2
16.05.2004,51,Änderung BG betreffend AHV-Revision,Änderung des Bundesgesetzes über die Alters- und Hinterlassenenversicherung (AHVG) (11. AHV-Revision),Soziale Fragen - Sozialpolitik,10,Sozialversicherungen,102,Alters- und Hinterbliebenenversicherung,1021,Öffentliche Finanzen,6,Steuerwesen,61,Indirekte Steuern,614,.,.,.,.,.,.,Anteil Personen im Rentenalter,4,Fakultatives Referendum,147270,67209,593,795,65821,25658,40163,45.6,39
16.05.2004,52,Bundesbeschluss über die Finanzierung von AHV und IV,Bundesbeschluss über die Finanzierung der AHV/IV durch Anhebung der Mehrwertsteuersätze,Soziale Fragen - Sozialpolitik,10,Sozialversicherungen,102,Alters- und Hinterbliebenenversicherung,1021,.,.,.,.,.,.,.,.,.,.,.,.,Anteil Personen im Rentenalter,3,Obligatorisches Referendum,147270,67137,507,799,65831,18473,47358,45.6,28.1
16.05.2004,53,Änderung BG betreffend Besteuerung,Bundesgesetz über die Änderung von Erlassen im Bereich der Ehe- und Familienbesteuerung der Wohneigentumssteuer und der Stempelabgaben,Öffentliche Finanzen,6,Steuerwesen,61,Steuerpolitik,611,Soziale Fragen - Sozialpolitik,10,Soziale Gruppen,103,Familienpolitik,1034,Umwelt und Lebensraum,9,Wohnen,92,Wohnungsbau - Wohneigentum,922,Steuerfuss/Steuerkraft,4,Fakultatives Referendum,147270,67138,541,800,65797,30219,35578,45.6,45.9
26.09.2004,54,Änderung Erwerbsersatzgesetz,Änderung des Bundesgesetzes über die Erwerbsordnung für Dienstleistende der Armee Zivildienst und Zivilschutz (Erwerbsersatzgesetz),Soziale Fragen - Sozialpolitik,10,Sozialversicherungen,102,Mutterschaftsversicherung,1025,Soziale Fragen - Sozialpolitik,10,Soziale Gruppen,103,Stellung der Frau,1033,Soziale Fragen - Sozialpolitik,10,Sozialversicherungen,102,Erwerbsersatzordnung,1027,Parteistärke Bürgerliche bei Grossratswahlen,4,Fakultatives Referendum,147957,75607,584,1080,73943,29627,44316,51.1,40.1
26.09.2004,55,Bundesbeschluss über die Einbürgerung der dritten Generation,Bundesbeschluss über den Bürgerrechtserwerb von Ausländerinnen und Ausländern der dritten Generation,Staatsordnung,1,Rechtsordnung,16,Bürgerrechte,163,Soziale Fragen - Sozialpolitik,10,Soziale Gruppen,103,Ausländerpolitik,1031,.,.,.,.,.,.,Ausländeranteil,3,Obligatorisches Referendum,147957,75628,440,1080,74108,24975,49133,51.1,33.7
26.09.2004,56,Bundesbeschluss über erleichterte Einbürgerung zweite Generation,Bundesbeschluss über die ordentliche Einbürgerung sowie über die erleichterte Einbürgerung junger Ausländerinnen der zweiten Generation,Staatsordnung,1,Rechtsordnung,16,Bürgerrechte,163,Soziale Fragen - Sozialpolitik,10,Soziale Gruppen,103,Ausländerpolitik,1031,.,.,.,.,.,.,Ausländeranteil,3,Obligatorisches Referendum,147957,75514,496,1079,73939,21825,52114,51,29.5
26.09.2004,57,Volksinitiative Postdienste für alle,"Volksinitiative ""Postdienste für alle""",Verkehr und Infrastruktur,8,Post,86,.,.,.,.,.,.,.,.,.,.,.,.,.,.,Post in der Gemeinde vorhanden,1,Volksinitiative,147957,75174,1626,1070,72478,28333,44145,50.8,39.1
28.11.2004,58,Bundesbeschluss über die neue Finanzordnung,Bundesbeschluss über die neue Finanzordnung,Öffentliche Finanzen,6,Finanzordnung,62,.,.,Öffentliche Finanzen,6,Steuerwesen,61,Steuersystem,612,.,.,.,.,.,.,Gemeindefinanzkennzahlen,3,Obligatorisches Referendum,147952,50194,1879,605,47710,34649,13061,33.9,72.6
28.11.2004,59,Bundesbeschluss über die Neugestaltung des Finanzausgleichs zw. Bund und Kantonen,Bundesbeschluss zur Neugestaltung des Finanzausgleichs und der Aufgabenteilung zwischen Bund und Kantonen (NFA),Staatsordnung,1,Föderalismus,15,Beziehung Bund-Kanton,152,Öffentliche Finanzen,6,Finanzordnung,62,.,.,.,.,.,.,.,.,Gemeindefinanzkennzahlen,3,Obligatorisches Referendum,147952,50202,1587,606,48009,33659,14350,33.9,70.1
28.11.2004,60,Stammzellenforschungsgesetz,Bundesgesetz über die Forschung an embryonalen Stammzellen (Stammzellenforschungsgesetz StFG),Bildung und Forschung,11,Forschung,114,.,.,Soziale Fragen - Sozialpolitik,10,Gesundheit,101,Fortpflanzungsmedizin,1015,.,.,.,.,.,.,???,4,Fakultatives Referendum,147952,50513,960,612,48941,29138,19803,34.1,59.5
05.06.2005,61,Bilaterale Abkommen zu Schengen und Dublin,Bundesbeschluss über die Genehmigung und die Umsetzung der bilateralen Abkommen zwischen der Schweiz und der EU über die Assoziierung an Schengen und Dublin,Aussenpolitik,2,Europapolitik,22,EU,222,Staatsordnung,1,Öffentliche Sicherheit,31,Polizei,313,Soziale Fragen - Sozialpolitik,10,Soziale Gruppen,103,Flüchtlinge,1032,Parteistärke SVP bei Grossratswahlen,4,Fakultatives Referendum,148682,83304,674,1497,81133,36009,45124,56,44.4
05.06.2005,62,Partnerschaftsgesetz,Bundesgesetz über die eingetragene Partnerschaft gleichgeschlechtlicher Paare (Partnerschaftsgesetz  PartG),Staatsordnung,1,Rechtsordnung,16,Privatrecht,164,Soziale Fragen - Sozialpolitik,10,Soziale Gruppen,103,Homosexuelle,1038,Staatsordnung,1,Rechtsordnung,16,Grundrechte,162,Parteistärke Linke (Grüne/SP) an Grossratswahlen,4,Fakultatives Referendum,148682,83216,933,1502,80781,38566,42215,56,47.7
25.09.2005,63,Bundesbeschluss über die Ausdehnung des Personenfreizügigkeitsabkommen,Bundesbeschluss über die Genehmigung und Umsetzung des Protokolls über die Ausdehnung des Freizügigkeitsabkommen auf die neuen EG-Mitgliederstaaten zwischen der Schweizerischen Eidgenossenschaft einerseits und der Europäischen Gemeinschaft und ihren Mitgliederstaaten andererseits sowie über die Genehmigung der Revision der flankierenden Massnahmen zur Personenfreizügigkeit,Aussenpolitik,2,Europapolitik,22,EU,222,Wirtschaft,4,Arbeit und Beschäftigung,42,Arbeitsbedingungen,421,.,.,.,.,.,.,Parteistärke SVP bei Grossratswahlen,4,Fakultatives Referendum,149396,86986,758,1495,84733,44271,40462,58.2,52.2
27.11.2005,64,Arbeitsgesetz,Bundesgesetz über die Arbeit in Industrie Gewerbe und Handel (Arbeitsgesetz),Wirtschaft,4,Arbeit und Beschäftigung,42,Arbeitsbedingungen,421,.,.,.,.,.,.,.,.,.,.,.,.,Erwerbsquote / Zahlen zu Unternehmen,4,Fakultatives Referendum,149726,57498,349,903,56246,23885,32361,38.4,42.5
27.11.2005,65,Volksinitiative für Lebensmittel aus gentechnikfreier Landwirtschaft,"Volksinitiative ""für Lebensmittel aus gentechnikfreier Landwirtschaft""",Landwirtschaft,5,Agrarpolitik,51,.,.,Bildung und Forschung,11,Forschung,114,Gentechnologie,1141,Umwelt und Lebensraum,9,Umwelt,93,Umweltpolitik,931,Zahlen zur Landwirtschaft (Betriebe Beschäftigte),1,Volksinitiative,149726,57435,553,922,55960,31909,24051,38.4,57
21.05.2006,66,Bundesbeschluss über die Neuordnung betreffend Bildung,Bundesbeschluss über die Neuordnung der Verfassungsbestimmungen zur Bildung,Bildung und Forschung,11,Bildungspolitik,111,.,.,Bildung und Forschung,11,Schulen,112,.,.,Bildung und Forschung,11,Hochschulen,113,.,.,Bildungsabschlüsse,3,Obligatorisches Referendum,150731,48012,1352,577,46083,37838,8245,31.9,82.1
24.09.2006,67,Änderung Asylgesetz,Änderung des Asylgesetzes (AsylG),Soziale Fragen - Sozialpolitik,10,Soziale Gruppen,103,Flüchtlinge,1032,.,.,.,.,.,.,.,.,.,.,.,.,Ausländeranteil,4,Fakultatives Referendum,151323,68579,609,1112,66858,52166,14692,45.3,78
24.09.2006,68,Bundesgesetzt über die Ausländerinnen und Ausländer,Bundesgesetz über die Ausländerinnen und Ausländer (AuG),Soziale Fragen - Sozialpolitik,10,Soziale Gruppen,103,Ausländerpolitik,1031,.,.,.,.,.,.,.,.,.,.,.,.,Ausländeranteil,4,Fakultatives Referendum,151323,68554,699,1101,66754,51978,14776,45.3,77.9
24.09.2006,69,Volksinitiative Nationalbankgewinne für die AHV,"Volksinitiative ""Nationalbankgewinne für die AHV""",Soziale Fragen - Sozialpolitik,10,Sozialversicherungen,102,Alters- und Hinterbliebenenversicherung,1021,Wirtschaft,4,Finanzwesen,43,Geld- und Währungspolitik,431,.,.,.,.,.,.,Anteil Personen im Rentenalter,1,Volksinitiative,151323,68343,893,1088,66362,22426,43936,45.2,33.8
26.11.2006,70,Familienzulagengesetz,Bundesgesetz über die Familienzulagen (Familienzulagengesetz FamZG),Soziale Fragen - Sozialpolitik,10,Soziale Gruppen,103,Familienpolitik,1034,.,.,.,.,.,.,.,.,.,.,.,.,Privathaushalte nach Gemeinde und Haushaltsstruktur 2010/2012 (gepoolt),4,Fakultatives Referendum,151724,64432,571,1073,62788,36672,26116,42.5,58.4
26.11.2006,71,BG über die Zusammenarbeit mit osteuropäischen Staaten,Bundesgesetz über die Zusammenarbeit mit den Staaten Osteuropas,Aussenpolitik,2,Europapolitik,22,EU,222,.,.,.,.,.,.,.,.,.,.,.,.,Parteistärke SVP bei Grossratswahlen,4,Fakultatives Referendum,151724,64425,702,1071,62652,27155,35497,42.5,43.3
11.03.2007,72,Volksinitiative für eine soziale Einheitskasse,"Volksinitiative ""für eine soziale Einheitskasse""",Soziale Fragen - Sozialpolitik,10,Sozialversicherungen,102,Kranken- und Unfallversicherung,1024,.,.,.,.,.,.,.,.,.,.,.,.,Gesundheitskosten (auf Gemeindeebene verfügbar???),1,Volksinitiative,152022,72059,549,1297,70213,12589,57624,47.4,17.9
17.06.2007,73,Änderung Invalidenversicherungsgesetz,Änderung des Bundesgesetzes über die Invalidenversicherung (IVG),Soziale Fragen - Sozialpolitik,10,Sozialversicherungen,102,Invalidenversicherung,1022,.,.,.,.,.,.,.,.,.,.,.,.,Sozialhilfeausgaben,4,Fakultatives Referendum,152477,43878,358,721,42799,29333,13466,28.8,68.5
24.02.2008,74,Unternehmenssteuerreformgesetz II,Bundesgesetz über die Verbesserung der steuerlichen Rahmenbedingungen für unternehmerische Tätigkeiten und Investitionen (Unternehmenssteuerreformgesetz II),Öffentliche Finanzen,6,Steuerwesen,61,Direkte Steuern,613,Wirtschaft,4,Wirtschaftspolitik,41,.,.,.,.,.,.,.,.,Steuerfuss/Steuerkraft,4,Fakultatives Referendum,153765,49772,1190,844,47738,27303,20435,32.4,57.2
24.02.2008,75,Volksinitiative gegen Kampfjetlärm,"Volksinitiative ""Gegen Kampfjetlärm in Touristengebieten""",Umwelt und Lebensraum,9,Umwelt,93,Lärmschutz,932,Sicherheitspolitik,3,Armee,32,Militäranlagen,324,Wirtschaft,4,Freizeit und Tourismus,44,Fremdenverkehr,441,Parteistärke Bürgerliche bei Grossratswahlen,1,Volksinitiative,153765,49908,613,845,48450,10546,37904,32.5,21.8
01.06.2008,76,Verfassungsartikel für Qualität und Wirtschaftlichkeit der Krankenversicherung,"Verfassungsartikel ""für Qualität und Wirtschaftlichkeit in der Krankenversicherung""",Soziale Fragen - Sozialpolitik,10,Sozialversicherungen,102,Kranken- und Unfallversicherung,1024,Soziale Fragen - Sozialpolitik,10,Gesundheit,101,Gesundheitspolitik,1011,.,.,.,.,.,.,Gesundheitskosten (auf Gemeindeebene verfügbar???),3,Obligatorisches Referendum,154147,57544,1644,754,55146,21193,33953,37.3,38.4
01.06.2008,77,Volksinitiative für demokratische Einbürgerungen,"Volksinitiative ""für demokratische Einbürgerungen""",Staatsordnung,1,Rechtsordnung,16,Bürgerrechte,163,Soziale Fragen - Sozialpolitik,10,Soziale Gruppen,103,Ausländerpolitik,1031,.,.,.,.,.,.,Ausländeranteil,1,Volksinitiative,154147,58059,335,768,56956,27875,29081,37.7,48.9
01.06.2008,78,Volksinitiative Volkssouveränität statt Behördenpropaganda,"Volksinitiative ""Volkssouveränität statt Behördenproganda""",Staatsordnung,1,Institutionen,13,Regierung Verwaltung,131,.,.,.,.,.,.,.,.,.,.,.,.,Durchschnittliche Stimmbeteiligung,1,Volksinitiative,154147,57659,1171,749,55739,17887,37852,37.4,32.1
30.11.2008,79,Änderung Betäubungsmittelgesetz,Änderung des Bundesgesetzes über die Betäubungsmittel und die psychotropen Stoffe (Betäubungsmittelgesetz BetmG),Soziale Fragen - Sozialpolitik,10,Gesundheit,101,Suchtmittel,1014,.,.,.,.,.,.,.,.,.,.,.,.,???,4,Fakultatives Referendum,155034,70906,2596,1311,66999,43229,23770,45.7,64.5
30.11.2008,80,Volksinitiative für Unverjährbarkeit pornografischer Straftaten an Kindern,"Volksinitiative ""für die Unverjährbarkeit pornografischer Straftaten an Kindern""",Staatsordnung,1,Rechtsordnung,16,Strafrecht,165,Soziale Fragen - Sozialpolitik,10,Soziale Gruppen,103,Kinder und Jugendliche,1035,.,.,.,.,.,.,???,1,Volksinitiative,155034,71564,1150,1297,69117,37525,31592,46.2,54.3
30.11.2008,81,Volksinitiative für ein flexibles AHV-Alter,"Volksinitiative ""für ein flexibles AHV-Alter""",Soziale Fragen - Sozialpolitik,10,Sozialversicherungen,102,Alters- und Hinterbliebenenversicherung,1021,.,.,.,.,.,.,.,.,.,.,.,.,Anteil Personen im Rentenalter,1,Volksinitiative,155034,71716,708,1317,69691,23715,45976,46.3,34
30.11.2008,82,Volksinitiative für eine vernünftige Hanf-Politik,"Volksinitiative ""für eine vernünftige Hanf-Politik mit wirksamem Jugendschutz""",Soziale Fragen - Sozialpolitik,10,Gesundheit,101,Suchtmittel,1014,Soziale Fragen - Sozialpolitik,10,Soziale Gruppen,103,Kinder und Jugendliche,1035,.,.,.,.,.,.,???,1,Volksinitiative,155034,71080,1487,1299,68294,23174,45120,45.8,33.9
30.11.2008,83,Volksinitiative Verbandsbeschwerderecht,"Volksinitiative ""Verbandsbeschwerderecht: Schluss mit Verhinderungspolitik - Mehr Wachstum für die Schweiz!""",Umwelt und Lebensraum,9,Umwelt,93,Natur- und Heimatschutz,937,Staatsordnung,1,Volksrechte,14,.,.,.,.,.,.,.,.,???,1,Volksinitiative,155034,70890,2273,1286,67331,22231,45100,45.7,33
08.02.2009,84,Bundesbeschluss über die Weiterführung des Personenfreizügigkeitsabkommens,Bundesbeschluss über die Genehmigung der Weiterführung des Freizügigkeitsabkommens zwischen der Schweiz und der Europäische Gemeinschaft und ihren Mitgliedstaaten sowie über die Genehmigung und die Umsetzung des Protokolls über die Ausdehnung des Freizügigkeitsabkommens auf Bulgarien und Rumänien,Aussenpolitik,2,Europapolitik,22,EU,222,.,.,.,.,.,.,.,.,.,.,.,.,Parteistärke SVP bei Grossratswahlen,4,Fakultatives Referendum,155434,76397,527,1205,74665,42233,32432,49.2,56.6
17.05.2009,85,Bundesbeschluss über die Weiterentwicklung des Schengen-Besitzstandes,Bundesbeschluss über die Genehmigung und die Umsetzung des Notenaustauschs zwischen der Schweiz und der Europäischen Gemeinschaft betreffend die Übernahme der Verordnung (EG) Nr. 2252/2004 über biometrische Pässe und Reisedokumente (Weiterentwicklung des Schengen-Besitzstandes),Staatsordnung,1,Rechtsordnung,16,.,166,Aussenpolitik,2,Europapolitik,22,EU,222,.,.,.,.,.,.,Parteistärke SVP bei Grossratswahlen,4,Fakultatives Referendum,155933,64374,1208,1003,62163,30542,31621,41.3,49.1
17.05.2009,86,Verfassungsartikel Zukunft mit Komplementärmedizin,"Verfassungsartikel ""Zukunft mit Komplementärmedizin""",Soziale Fragen - Sozialpolitik,10,Gesundheit,101,Gesundheitspolitik,1011,Soziale Fragen - Sozialpolitik,10,Sozialversicherungen,102,Kranken- und Unfallversicherung,1024,.,.,.,.,.,.,Gesundheitskosten (auf Gemeindeebene verfügbar???),3,Obligatorisches Referendum,155933,64462,1037,1014,62411,39449,22962,41.3,63.2
27.09.2009,87,Bundesbeschluss Verzicht auf Einführung der allgemeinen Volksinitiative,Bundesbeschluss über den Verzicht auf die Einführung der allgemeinen Volksinitiative,Staatsordnung,1,Volksrechte,14,Initiative,141,.,.,.,.,.,.,.,.,.,.,.,.,Durchschnittliche Stimmbeteiligung,3,Obligatorisches Referendum,156798,63105,2616,857,59632,37574,22058,40.2,63
27.09.2009,88,Bundesbeschluss über befristete IV-Zusatzfinanzierung,Bundesbeschluss über eine befristete Zusatzfinanzierung der Invalidenversicherung durch Anhebung der Mehrwertsteuersätze geändert durch den Bundesbeschluss vom 12.06.2009 über die Änderung dieses Beschlusses,Soziale Fragen - Sozialpolitik,10,Sozialversicherungen,102,Invalidenversicherung,1022,Soziale Fragen - Sozialpolitik,10,Soziale Gruppen,103,Invalide,1037,Öffentliche Finanzen,6,Steuerwesen,61,Indirekte Steuern,614,Sozialhilfeausgaben,3,Obligatorisches Referendum,156798,64218,365,832,63021,25665,37356,41,40.7
29.11.2009,89,Bundesbeschluss über Spezialfinanzierung für Luftverkehrsabgaben,Bundesbeschluss zur Schaffung einer Spezialfinanzierung für Aufgaben im Luftverkehr,Verkehr und Infrastruktur,8,Luftverkehr,84,.,.,.,.,.,.,.,.,.,.,.,.,.,.,Parteistärke Bürgerliche bei Grossratswahlen,3,Obligatorisches Referendum,157273,82882,3988,1333,77561,48604,28957,52.7,62.7
29.11.2009,90,Volksinitiative für ein Verbot von Kriegsmaterial-Exporten,"Volksinitiative ""für ein Verbot von Kriegsmaterial-Exporten""",Aussenpolitik,2,Aussenwirtschaftspolitik,26,.,.,Sicherheitspolitik,3,Armee,32,Rüstung,323,.,.,.,.,.,.,Parteistärke Linke (Grüne/SP) an Grossratswahlen,1,Volksinitiative,157273,83760,1063,1375,81322,17532,63790,53.3,21.6
29.11.2009,91,Minarettinitiative,"Volksinitiative ""Gegen den Bau von Minaretten""",Kultur Religion Medien,12,Religion - Kirchen,123,.,.,Staatsordnung,1,Rechtsordnung,16,Grundrechte,162,.,.,.,.,.,.,Anteil Muslime / Ausländeranteil,1,Volksinitiative,157273,84972,620,1367,82985,56156,26829,54,67.7
07.03.2010,92,Änderung BG betreffend Mindestumwandlungssatzes,Änderung des Bundesgesetzes über die berufliche Alters- Hinterlassenen- und Invalidenvorsorge (BVG) (Mindestumwandlungssatz),Soziale Fragen - Sozialpolitik,10,Sozialversicherungen,102,Berufliche Vorsorge,1023,.,.,.,.,.,.,.,.,.,.,.,.,Sozialhilfeausgaben,4,Fakultatives Referendum,157422,70800,1517,953,68330,22160,46170,44.9,32.4
07.03.2010,93,Bundesbeschluss zur Forschung am Menschen,Bundesbeschluss zu einem Verfassungsartikel über die Forschung am Menschen,Bildung und Forschung,11,Forschung,114,.,.,.,.,.,.,.,.,.,.,.,.,.,.,???,3,Obligatorisches Referendum,157422,70358,2518,957,66883,48887,17996,44.7,73.1
07.03.2010,94,Tierschutzanwalt Initiative,"Volksinitiative ""Gegen Tierquälerei und für einen besseren Rechtsschutz für Tiere (Tierschutzanwalt-Initiative)""",Umwelt und Lebensraum,9,Umwelt,93,Tierschutz,938,.,.,.,.,.,.,.,.,.,.,.,.,???,1,Volksinitiative,157422,71209,617,954,69638,20809,48829,45.2,
26.09.2010,95,Änderung Arbeitslosenversicherungsgesetz,Änderung des Bundesgesetzes über die obligatorische Arbeitslosenversicherung und die Insolvenzentschädigung (Arbeitslosenversicherungsgesetz AVIG),Soziale Fragen - Sozialpolitik,10,Sozialversicherungen,102,Arbeitslosenversicherung,1026,.,.,.,.,.,.,.,.,.,.,.,.,Arbeitslosenquote,4,Fakultatives Referendum,158560,46798,354,653,45791,29062,16729,29.5,63.5
28.11.2010,96,Gegenentwurf zur Ausschaffungsinitiative,"Bundesbeschluss über die Aus- und Wegweisung krimineller Ausländerinnen und Ausländer im Rahmen der Bundesverfassung (Gegenentwurf zur Volksinitiative ""für die Ausschaffung krimineller Ausländer (Ausschaffungsinitiative))",Soziale Fragen - Sozialpolitik,10,Soziale Gruppen,103,Ausländerpolitik,1031,Staatsordnung,1,Rechtsordnung,16,Strafrecht,165,.,.,.,.,.,.,Regionale Straftatenstatistik / Ausländeranteile,2,Volksinitiative mit Gegenentwurf: Gegenentwurf,158850,81882,2405,,80055,34383,43267,51.5,44.3
28.11.2010,98,Ausschaffungsinitiative,"Volksinitiative ""für die Ausschaffung krimineller Ausländer (Ausschaffungsinitiative)""",Soziale Fragen - Sozialpolitik,10,Soziale Gruppen,103,Ausländerpolitik,1031,Staatsordnung,1,Rechtsordnung,16,Strafrecht,165,.,.,.,.,.,.,Regionale Straftatenstatistik / Ausländeranteile,2,Volksinitiative mit Gegenentwurf: Initiative,158850,81882,192,1635,80055,48455,30802,51.5,61.1
28.11.2010,97,Stichfrage zur Ausschaffungsinitiative,"Volksinitiative ""für die Ausschaffung von kriminellen Ausländern"": Stichfrage",Soziale Fragen - Sozialpolitik,10,Soziale Gruppen,103,Ausländerpolitik,1031,Staatsordnung,1,Rechtsordnung,16,Strafrecht,165,.,.,.,.,.,.,Regionale Straftatenstatistik / Ausländeranteile,2,Volksinitiative mit Gegenentwurf: Stichfrage,158850,81882,3715,,80055,43947,32393,51.5,
28.11.2010,99,Steuergerechtigkeitsinitiative,"Volksinitiative ""für faire Steuern. Stopp dem Missbrauch beim Steuerwettbewerb (Steuergerechtigkeits-Initiative)""",Öffentliche Finanzen,6,Steuerwesen,61,Direkte Steuern,613,Staatsordnung,1,Föderalismus,15,Beziehung Bund-Kanton,152,.,.,.,.,.,.,Steuerfuss/Steuerkraft,1,Volksinitiative,158850,80667,1505,1532,77630,27902,49728,50.8,35.9
13.02.2011,100,Volksinitiative für Schutz vor Waffengewalt,"Volksinitiative ""für den Schutz vor Waffengewalt""",Sicherheitspolitik,3,Armee,32,Armee (allgemein),321,.,.,.,.,.,.,.,.,.,.,.,.,Regionale Straftatenstatistik,1,Volksinitiative,159148,79080,537,1130,77413,26731,50682,49.7,34.5
11.03.2012,101,Gegenentwurf zur Geldspielinitiative,"Bundesbeschluss über die Regelung der Geldspiele zugunsten gemeinnütziger Zwecke (Gegenentwurf zur Volksinitiative ""für Geldspiele im Dienste des Gemeinwohls"")",Wirtschaft,4,Wirtschaftspolitik,41,Strukturpolitik,413,Wirtschaft,4,Freizeit und Tourismus,44,Hotellerie und Gastgewerbe,442,.,.,.,.,.,.,Sozialhilfeausgaben,3,Obligatorisches Referendum,161238,60052,1984,894,57174,48609,8565,37.2,85
11.03.2012,102,BG betreffend die Buchpreisbindung,Bundesgesetz über die Buchpreisbindung (BuPG),Kultur Religion Medien,12,Kulturpolitik,121,Bundesverfassung,121,Wirtschaft,4,Wirtschaftspolitik,41,Preispolitik,414,.,.,.,.,.,.,???,4,Fakultatives Referendum,161238,60312,2057,904,57351,20427,36924,37.4,35.6
11.03.2012,103,Volksinitiative 6 Wochen Ferien für alle,"Volksinitiative ""6 Wochen Ferien für alle""",Wirtschaft,4,Arbeit und Beschäftigung,42,Arbeitszeit,422,.,.,.,.,.,.,.,.,.,.,.,.,Parteistärke Linke (Grüne/SP) an Grossratswahlen,1,Volksinitiative,161238,61061,429,913,59719,15805,43914,37.9,26.5
11.03.2012,104,Bausparinitiative,"Volksinitiative ""für ein steuerlich begünstigtes Bausparen zum Erwerb von selbst genutztem Wohneigentum und zur Finanzierung von baulichen Energiespar- und Umweltschutzmassnahmen (Bau-Sparinitiative)""",Umwelt und Lebensraum,9,Wohnen,92,Wohnungsbau - Wohneigentum,922,Öffentliche Finanzen,6,Steuerwesen,61,Steuersystem,612,.,.,.,.,.,.,Anteil Eigentümer Mietern,1,Volksinitiative,161238,60479,1664,909,57906,23382,34524,37.5,40.4
11.03.2012,105,Volksinitiative gegen Zweitwohnungen,"Volksinitiative ""Schluss mit uferlosem Bau von Zweitwohnungen""",Umwelt und Lebensraum,9,Boden,91,Raumplanung,911,Wirtschaft,4,Freizeit und Tourismus,44,Fremdenverkehr,441,.,.,.,.,.,.,???,1,Volksinitiative,161238,60747,774,932,59041,31076,27965,37.7,52.6
17.06.2012,106,Änderung BG betreffend Managed Care,Änderung des Bundesgesetzes über die Krankversicherung (KVG) (Managed Care),Soziale Fragen - Sozialpolitik,10,Sozialversicherungen,102,Kranken- und Unfallversicherung,1024,.,.,.,.,.,.,.,.,.,.,.,.,Gesundheitskosten (auf Gemeindeebene verfügbar???),4,Fakultatives Referendum,161789,51341,806,724,49811,17008,32803,31.7,34.1
17.06.2012,107,Volksinitiative Eigene vier Wände dank Bausparen,"Volksinitiative ""Eigene vier Wände dank Bausparen""",Umwelt und Lebensraum,9,Wohnen,92,Wohnungsbau - Wohneigentum,922,Öffentliche Finanzen,6,Steuerwesen,61,Direkte Steuern,613,.,.,.,.,.,.,Anteil Eigentümer Mietern,1,Volksinitiative,161789,51183,743,713,49727,14330,35397,31.6,28.8
17.06.2012,108,Volksinitiative Staatsverträge vors Volk,"Volksinitiative ""für die Stärkung der Volksrechte in der Aussenpolitik (Staatsverträge vors Volk!)""",Aussenpolitik,2,Aussenpolitische Grundhaltung,21,.,.,Staatsordnung,1,Volksrechte,14,.,142,.,.,.,.,.,.,Parteistärke SVP bei Grossratswahlen,1,Volksinitiative,161789,51037,648,718,49671,14218,35453,31.5,28.6
23.09.2012,109,Bundesbeschluss über die Jugendmusikförderung,"Bundesbeschluss über die Jugendmusikförderung (Gegenentwurf zur Volksinitiative ""jugend + musik"")",Bildung und Forschung,11,Schulen,112,.,.,Kultur Religion Medien,12,Kulturpolitik,121,.,.,Soziale Fragen - Sozialpolitik,10,Soziale Gruppen,103,Kinder und Jugendliche,1035,Anteil Jugendliche ,3,Obligatorisches Referendum,162546,85833,1581,1403,82849,57111,25738,52.8,68.9
23.09.2012,110,Volksinitiative Schutz vor Passivrauchen,"Volksinitiative ""Schutz vor Passivrauchen""",Soziale Fragen - Sozialpolitik,10,Gesundheit,101,Suchtmittel,1014,Wirtschaft,4,Freizeit und Tourismus,44,Hotellerie und Gastgewerbe,442,.,.,.,.,.,.,Gesundheitskosten (auf Gemeindeebene verfügbar???),1,Volksinitiative,162546,87754,658,1431,85665,28243,57422,54,33
23.09.2012,111,Volksinitiative Sicheres Wohnen im Alter,"Volksinitiative ""Sicheres Wohnen im Alter""",Umwelt und Lebensraum,9,Wohnen,92,Wohnungsbau - Wohneigentum,922,Öffentliche Finanzen,6,Steuerwesen,61,Steuersystem,612,Soziale Fragen - Sozialpolitik,10,Soziale Gruppen,103,Seniorinnen und Senioren,1036,Anteil Personen im Rentenalter,1,Volksinitiative,162546,86517,1743,1423,83351,44722,38629,53.2,53.7
25.11.2012,112,Änderung Tierseuchengesetz,Änderung des Tierseuchengesetzes,Landwirtschaft,5,Tierische Produktion,52,.,.,.,.,.,.,.,.,.,.,.,.,.,.,Zahlen zur Landwirtschaft (Betriebe Beschäftigte),4,Fakultatives Referendum,162777,35306,710,430,34166,20483,13683,21.7,60
03.03.2013,113,Änderung Raumplanungsgesetz,Änderung des Bundesgesetzes über die Raumplanung (Raumplanungsgesetz RPG),Umwelt und Lebensraum,9,Boden,91,Raumplanung,911,Umwelt und Lebensraum,9,Umwelt,93,Natur- und Heimatschutz,937,.,.,.,.,.,.,Bodenpreise,4,Fakultatives Referendum,163158,70260,943,981,68336,46858,21478,43.1,68.6
03.03.2013,114,Bundesbeschluss über die Familienpolitik,Bundesbeschluss über die Familienpolitik,Soziale Fragen - Sozialpolitik,10,Soziale Gruppen,103,Familienpolitik,1034,.,.,.,.,.,.,.,.,.,.,.,.,Privathaushalte nach Gemeinde und Haushaltsstruktur 2010/2012 (gepoolt),3,Obligatorisches Referendum,163158,70391,973,984,68434,28511,39923,43.1,41.7
03.03.2013,115,Volksinitiative Gegen die Abzockerei,"Volksinitiative ""Gegen die Abzockerei""",Wirtschaft,4,Wirtschaftspolitik,41,.,416,Wirtschaft,4,Arbeit und Beschäftigung,42,.,.,.,.,.,.,.,.,???,1,Volksinitiative,163158,70483,780,994,68709,48469,20240,43.2,70.5
06.09.2013,116,Änderung Asylgesetz,Änderung des Asylgesetzes (AsylG) (Dringliche Änderung des Asylgesetzes),Soziale Fragen - Sozialpolitik,10,Soziale Gruppen,103,Flüchtlinge,1032,.,.,.,.,.,.,.,.,.,.,.,.,Ausländeranteil,4,Fakultatives Referendum,163607,55799,646,796,54357,45806,8551,34.1,84.3
06.09.2013,117,Volksinitiative Volkswahl des Bundesrates,"Volksinitiative ""Volkswahl des Bundesrates""",Staatsordnung,1,Institutionen,13,Regierung Verwaltung,131,Staatsordnung,1,Politisches System,12,Wahlsystem,124,Staatsordnung,1,Volksrechte,14,.,.,Parteistärke SVP bei Grossratswahlen,1,Volksinitiative,163607,55383,253,795,54335,14118,40217,33.9,26
22.09.2013,118,Änderung Arbeitsgesetz,Änderung des Bundesgesetzes über die Arbeit Industrie Gewerbe und Handel (Arbeitsgesetz ArG),Wirtschaft,4,Arbeit und Beschäftigung,42,Arbeitsbedingungen,421,.,.,.,.,.,.,.,.,.,.,.,.,Erwerbsquote / Zahlen zu Unternehmen,4,Fakultatives Referendum,164146,75003,921,1059,73023,37801,35222,45.7,51.8
22.09.2013,119,Epidemiegesetz,Bundesgesetz über die Bekämpfung übertragbarer Krankheiten des Menschen (Epidemiegesetz EpG),Soziale Fragen - Sozialpolitik,10,Gesundheit,101,Gesundheitspolitik,1011,.,.,.,.,.,.,.,.,.,.,.,.,Gesundheitskosten (auf Gemeindeebene verfügbar???),4,Fakultatives Referendum,164146,74744,1224,1055,72465,36417,36048,45.5,50.3
22.09.2013,120,Volksinitiative zur Aufhebung der Wehrpflicht,"Volksinitiative ""Ja zur Aufhebung der Wehrpflicht""",Sicherheitspolitik,3,Armee,32,Militärausgaben,322,.,.,.,.,.,.,.,.,.,.,.,.,Parteistärke Linke (Grüne/SP) an Grossratswahlen,1,Volksinitiative,164146,75250,372,1083,73795,14224,59571,45.8,19.3
24.11.2013,121,Änderung Nationalstrassengesetz,Änderung des Bundesgesetzes über die Abgabe für die Benützung von Nationalstrassen (Nationalstrassengesetz NSAG),Verkehr und Infrastruktur,8,Strassenverkehr,82,.,.,Öffentliche Finanzen,6,Steuerwesen,61,Indirekte Steuern,614,.,.,.,.,.,.,noch in Abklärung welche Indikatoren auf Gemeinde- ebene verfügbar sind -> verfügbarkeit ÖV-Abo oder Fahrzeug auf Ebene Bezirk verfügbar,4,Fakultatives Referendum,164554,83843,642,1308,81893,31334,50559,51,38.3
24.11.2013,122,Volksinitiative 1 zu 12,"Volksinitiative ""1:12 - für gerechte Löhne""",Wirtschaft,4,Arbeit und Beschäftigung,42,.,.,.,.,.,.,.,.,.,.,.,.,.,.,Parteistärke Linke (Grüne/SP) an Grossratswahlen,1,Volksinitiative,164554,83640,705,1322,81613,25044,56569,50.8,30.7
24.11.2013,123,Familieninitiative,"Volksinitiative ""Familieninitiative: Steuerabzüge auch für Eltern, die ihre Kinder selber betreuen""",Soziale Fragen - Sozialpolitik,10,Soziale Gruppen,103,Familienpolitik,1034,Öffentliche Finanzen,6,Steuerwesen,61,Direkte Steuern,613,.,.,.,.,.,.,Privathaushalte nach Gemeinde und Haushaltsstruktur 2010/2012 (gepoolt),1,Volksinitiative,164554,83576,879,1323,81374,39344,42030,50.8,48.3
09.02.2014,124,Gegenentwurf zur Volksinitiative für den ÖV,"Bundesbeschluss über die Finanzierung und den Ausbau der Eisenbahninfrastruktur (direkter Gegenentwurf zur Volksinitiative ""für den Öffentlichen Verkehr"")",Verkehr und Infrastruktur,8,Schienenverkehr,83,.,.,Öffentliche Finanzen,6,Steuerwesen,61,Indirekte Steuern,614,.,.,.,.,.,.,Bahnhof vorhanden,3,Obligatorisches Referendum,164958,87869,1218,1432,85219,46188,39031,53.3,54.2
09.02.2014,125,Volksinitiative Abtreibungsfinanzierung ist Privatsache,"Volksinitiative ""Abtreibungsfinanzierung ist Privatsache - Entlastung der Krankenversicherung durch Streichung der Kosten des Schwangerschaftsabbruchs aus der obligatorischen Grundversicherung""",Soziale Fragen - Sozialpolitik,10,Sozialversicherungen,102,Kranken- und Unfallversicherung,1024,Staatsordnung,1,Rechtsordnung,16,Strafrecht,165,Soziale Fragen - Sozialpolitik,10,Soziale Gruppen,103,.,.,Gesundheitskosten (auf Gemeindeebene verfügbar???),1,Volksinitiative,164958,87322,1023,1448,84851,34745,50106,52.9,40.9
09.02.2014,126,Volksinitiative gegen Masseneinwanderung,"Volksinitiative ""Gegen Masseneinwanderung""",Aussenpolitik,2,Europapolitik,22,.,.,Soziale Fragen - Sozialpolitik,10,Soziale Gruppen,103,Ausländerpolitik,1031,.,.,.,.,.,.,Ausländeranteil,1,Volksinitiative,164958,88563,766,1459,86338,49920,36418,53.7,57.8
18.05.2014,127,Gegenentwurf zur Volksinitiative für Hausarztmedizin,"Bundesbeschluss über die medizinische Grundversorgung (direkter Gegenentwurf zur Volksinitiative ""Ja zur Hausarztmedizin"")",Soziale Fragen - Sozialpolitik,10,Gesundheit,101,Gesundheitspolitik,1011,Soziale Fragen - Sozialpolitik,10,Sozialversicherungen,102,Kranken- und Unfallversicherung,1024,.,.,.,.,.,.,Gesundheitskosten (auf Gemeindeebene verfügbar???),3,Obligatorisches Referendum,165327,88933,2351,1494,85088,72112,12976,53.8,84.7
18.05.2014,128,Gripen-Fonds-Gesetz,Bundesgesetz über den Fonds zur Beschaffung des Kampfflugzeugs Gripen (Gripen-Fonds-Gesetz),Sicherheitspolitik,3,Armee,32,Armeeabschaffung,327,Öffentliche Finanzen,6,.,.,.,.,.,.,.,.,.,.,Parteistärke Bürgerliche bei Grossratswahlen,4,Fakultatives Referendum,165327,89824,1067,1504,87253,48470,38783,54.3,55.6
18.05.2014,129,Volksinitiative Arbeit von Pädophilen mit Kindern,"Volksinitiative ""Pädophile sollen nicht mehr mit Kindern arbeiten dürfen""",Soziale Fragen - Sozialpolitik,10,Soziale Gruppen,103,Kinder und Jugendliche,1035,Staatsordnung,1,Rechtsordnung,16,Strafrecht,165,.,.,.,.,.,.,Regionale Straftatenstatistik,1,Volksinitiative,165327,89594,1544,1519,86531,54154,32377,54.2,62.6
18.05.2014,130,Mindestlohn-Initiative,"Volksinitiative ""für den Schutz fairer Löhne (Mindestlohn-Initiative)""",Wirtschaft,4,Arbeit und Beschäftigung,42,Arbeitsbedingungen,421,.,.,.,.,.,.,.,.,.,.,.,.,Parteistärke Linke (Grüne/SP) an Grossratswahlen,1,Volksinitiative,165327,89880,619,1503,87758,15591,72167,54.4,17.8
28.09.2014,131,Volksinitiative für eine öffentliche Krankenkasse,"Volksinitiative ""für eine Öffentliche Krankenkasse""",Soziale Fragen - Sozialpolitik,10,Sozialversicherungen,102,Kranken- und Unfallversicherung,1024,.,.,.,.,.,.,.,.,.,.,.,.,Gesundheitskosten (auf Gemeindeebene verfügbar???),1,Volksinitiative,165766,69472,328,1066,68078,18046,50032,41.9,26.5
28.09.2014,132,Volksinitiative gegen Mehrwertsteuer-Diskriminierung,"Volksinitiative ""Schluss mit der Mehrwertsteuer-Diskriminierung des Gastgewerbes!""",Öffentliche Finanzen,6,Steuerwesen,61,Indirekte Steuern,614,Wirtschaft,4,Freizeit und Tourismus,44,Hotellerie und Gastgewerbe,442,.,.,.,.,.,.,Angaben zum Gastgewerbe auf Gemeindeebene vorhanden?,1,Volksinitiative,165766,69146,860,1073,67213,18336,48877,41.7,27.3
30.11.2014,133,Gold-Initiative,"Volksinitiative ""Rettet unser Schweizer Gold (Gold-Initiative)""",Wirtschaft,4,Finanzwesen,43,Strukturpolitik,413,Staatsordnung,1,Institutionen,13,.,.,.,.,.,.,.,.,Parteistärke SVP bei Grossratswahlen,1,Volksinitiative,165943,77498,1124,1116,75258,20499,54759,46.7,27.2
30.11.2014,134,Volksinitiative Abschaffung der Pauschalbesteuerung,"Volksinitiative ""Schluss mit Steuerprivilegien für Millionäre (Abschaffung der Pauschalbesteuerung)""",Öffentliche Finanzen,6,Steuerwesen,61,Steuersystem,612,.,.,.,.,.,.,.,.,.,.,.,.,Steuerkraft,1,Volksinitiative,165943,77854,647,1128,76079,33672,42407,46.9,44.3
30.11.2014,135,Volksinitiative Stopp der Überbevölkerung,"Volksinitiative ""Stopp der Überbevölkerung - zur Sicherung der natürlichen Lebensgrundlage""",Soziale Fragen - Sozialpolitik,10,Soziale Gruppen,103,Ausländerpolitik,1031,Aussenpolitik,2,Europapolitik,22,.,.,.,.,.,.,.,.,Siedlungsdichte,1,Volksinitiative,165943,77860,559,1128,76173,23516,52657,46.9,30.9
08.03.2015,136,Volksinitiative Energie- statt Mehrwertsteuer,"Volksinitiative ""Energie- statt Mehrwertsteuer""",Öffentliche Finanzen,6,Steuerwesen,61,Indirekte Steuern,614,Energie,7,Energiepolitik,71,.,.,.,.,.,.,.,.,Steuerfuss/Steuerkraft,1,Volksinitiative,166524,73347,627,1094,71626,5631,65995,44,7.9
08.03.2015,137,Volksinitiative Familien stärken,"Volksinitiative ""Familie stärken! Steuerfreie Kinder- und Ausbildungszulagen""",Soziale Fragen - Sozialpolitik,10,Soziale Gruppen,103,Familienpolitik,1034,Öffentliche Finanzen,6,Steuerwesen,61,Direkte Steuern,613,.,.,.,.,.,.,Privathaushalte nach Gemeinde und Haushaltsstruktur 2010/2012 (gepoolt),1,Volksinitiative,166524,73256,591,1085,71580,16242,55338,44,22.7
14.06.2015,138,Änderung BG über Radio und Fernsehen,Änderung des Bundesgesetzes über Radio und Fernsehen (RTVG),Kultur Religion Medien,12,Medien und Kommunikation,125,Radio Fernsehen Elektronische Medien,1253,.,.,.,.,.,.,.,.,.,.,.,.,???,4,Fakultatives Referendum,167060,67884,784,1009,66091,30049,36042,40.6,45.5
14.06.2015,139,Änderung Verfassungsbestimmungen zur Fortpflanzungsmedizin und Gentechnologie,Bundesbeschluss über die Änderung der Verfassungsbestimmung zur Fortpflanzungsmedizin und Gentechnologie im Humanbereich,Bildung und Forschung,11,Forschung,114,Gentechnologie,1141,Soziale Fragen - Sozialpolitik,10,Gesundheit,101,Fortpflanzungsmedizin,1015,.,.,.,.,.,.,???,3,Obligatorisches Referendum,167060,67987,1161,992,65834,33154,32680,40.7,50.4
14.06.2015,140,Volksinitiative Erbschaftssteuerreform,"Volksinitiative ""Millionen-Erbschaften besteuern für unsere AHV (Erbschaftssteuerreform)""",Öffentliche Finanzen,6,Steuerwesen,61,Direkte Steuern,613,Soziale Fragen - Sozialpolitik,10,Sozialversicherungen,102,Alters- und Hinterbliebenenversicherung,1021,.,.,.,.,.,.,Anteil Personen im Rentenalter,1,Volksinitiative,167060,68120,470,984,66666,18014,48652,40.8,27
14.06.2015,141,Stipendieninitiative,"Volksinitiative ""Stipendieninitiative""",Bildung und Forschung,11,Hochschulen,113,.,.,.,.,.,.,.,.,.,.,.,.,.,.,Bildungsabschlüsse,1,Volksinitiative,167060,67816,1341,1009,65466,13785,51681,40.6,21.1
28.02.2016,142,Änderung BG betreffend der Sanierung des Gotthard-Strassentunnel,Änderung des Bundesgesetzes über den Strassentransitverkehr im Alpengebiet (STVG) (Sanierung Gotthard-Strassentunnel),Verkehr und Infrastruktur,8,Strassenverkehr,82,Strassenbau,821,.,.,.,.,.,.,.,.,.,.,.,.,verfügbarkeit Fahrzeuge nach Bezirk,4,Fakultatives Referendum,168507,100793,1065,1552,98176,55968,42208,59.8,57
28.02.2016,143,Volksinitiative für Ehe und Familie,"Volksinitiative ""für Ehe und Familie - gegen die Heiratsstrafe""",Soziale Fragen - Sozialpolitik,10,Soziale Gruppen,103,Familienpolitik,1034,Soziale Fragen - Sozialpolitik,10,Steuerwesen,61,.,.,.,.,.,.,.,.,Privathaushalte nach Gemeinde und Haushaltsstruktur 2010/2012 (gepoolt),1,Volksinitiative,168507,99782,1370,1565,96847,52263,44584,59.2,54
28.02.2016,144,Volksinitiative gegen Spekulation mit Nahrungsmitteln,"Volksinitiative ""Keine Spekulation mit Nahrungsmitteln!""",Wirtschaft,4,Finanzwesen,43,Banken Börsen Versicherungen,432,.,.,.,.,.,.,.,.,.,.,.,.,Zahlen zur Landwirtschaft (Betriebe Beschäftigte),1,Volksinitiative,168507,99867,2438,1561,95868,36548,59320,59.3,38.1
28.02.2016,145,Durchsetzungsinitiative,"Volksinitiative ""Zur Durchsetzung der Ausschaffung krimineller Ausländer (Durchsetzungsinitiative)""",Soziale Fragen - Sozialpolitik,10,Soziale Gruppen,103,Ausländerpolitik,1031,Staatsordnung,1,Rechtsordnung,16,Strafrecht,165,.,.,.,.,.,.,Ausländeranteil,1,Volksinitiative,168507,101738,692,1559,99487,46909,52578,60.4,47.2
05.06.2016,146,Änderung Asylgesetz,Änderung des Asylgesetzes (AsylG),Soziale Fragen - Sozialpolitik,10,Soziale Gruppen,103,Flüchtlinge,1032,.,.,.,.,.,.,.,.,.,.,.,.,Ausländeranteil,4,Fakultatives Referendum,168872,72493,1212,967,70314,43828,26486,42.9,62.3
05.06.2016,147,Änderung Fortpflanzungsmedizingesetz,Änderung des Bundesgesetzes über die medizinisch unterstützte Fortpflanzung (Fortpflanzungsmedizingesetz FMedG),Bildung und Forschung,11,Forschung,114,Gentechnologie,1141,Soziale Fragen - Sozialpolitik,10,Gesundheit,101,Fortpflanzungsmedizin,1015,.,.,.,.,.,.,Gesundheitskosten (auf Gemeindeebene verfügbar???),4,Fakultatives Referendum,168872,72477,1720,977,69780,37170,32610,42.9,53.3
05.06.2016,148,Volksinitiative für ein bedingungsloses Grundeinkommen,"Volksinitiative ""für ein bedingungsloses Grundeinkommen""",Soziale Fragen - Sozialpolitik,10,Sozialversicherungen,102,.,.,Wirtschaft,4,Arbeit und Beschäftigung,42,.,.,.,.,.,.,.,.,Parteistärke Linke (Grüne/SP) an Grossratswahlen,1,Volksinitiative,168872,72921,352,966,71603,13716,57887,43.2,19.2
05.06.2016,149,Volksinitiative für faire Verkehrsfinanzierung,"Volksinitiative ""für eine faire Verkehrsfinanzierung""",Verkehr und Infrastruktur,8,Verkehrspolitik,81,.,.,Öffentliche Finanzen,6,.,.,.,.,.,.,.,.,.,.,noch in Abklärung welche Indikatoren auf Gemeinde- ebene verfügbar sind,1,Volksinitiative,168872,72465,1008,958,70499,23248,47251,42.9,33
05.06.2016,150,Volksinitiative Pro Service public,"Volksinitiative ""Pro Service public""",Verkehr und Infrastruktur,8,Post,86,.,.,Verkehr und Infrastruktur,8,Schienenverkehr,83,.,.,Verkehr und Infrastruktur,8,Telekommunikation,87,.,.,???,1,Volksinitiative,168872,72543,1120,963,70460,25295,45165,43,35.9
25.09.2016,151,Nachrichtendienstgesetz,Bundesgesetz über den Nachrichtendienst (Nachrichtendienstgesetz NDG),Sicherheitspolitik,3,Öffentliche Sicherheit,31,Staatsschutz,312,Staatsordnung,1,Rechtsordnung,16,Grundrechte,162,.,.,.,.,.,.,Regionale Straftatenstatistik,4,Fakultatives Referendum,169494,64590,1276,734,62580,40296,22284,38.1,64.4
25.09.2016,152,Volksinitiative AHVplus,"Volksinitiative ""AHVplus: für eine starke AHV""",Soziale Fragen - Sozialpolitik,10,Sozialversicherungen,102,Alters- und Hinterbliebenenversicherung,1021,.,.,.,.,.,.,.,.,.,.,.,.,Anteil Personen im Rentenalter,1,Volksinitiative,169494,64846,406,739,63701,21412,42289,38.3,33.6
25.09.2016,153,Volksinitiative Grüne Wirtschaft,"Volksinitiative ""für eine nachhaltige und ressourceneffiziente Wirtschaft (Grüne Wirtschaft)""",Umwelt und Lebensraum,9,Umwelt,93,.,913,Energie,7,Energiepolitik,71,.,.,.,.,.,.,.,.,Parteistärke Grüne bei Grossratswahlen,1,Volksinitiative,169494,64647,657,724,63266,19146,44120,38.1,30.3
27.11.2016,154,Atomausstiegsinitiative,"Volksinitiative ""für den geordneten Ausstieg aus der Atomenergie (Atomausstiegsinitiative)""",Energie,7,Kernenergie,72,.,.,.,.,.,.,.,.,.,.,.,.,.,.,Parteistärke Grüne bei Grossratswahlen,1,Volksinitiative,169740,74346,390,934,73022,29364,43658,43.8,40.2
12.02.2017,155,Bundesbeschluss über die erleichterte Einbürgerung der dritten Generation,Bundesbeschluss über die erleichterte Einbürgerung von Personen der dritten Ausländergeneration,Staatsordnung,1,Rechtsordnung,16,Bürgerrechte,163,Soziale Fragen - Sozialpolitik,10,Soziale Gruppen,103,Ausländerpolitik,1031,.,.,.,.,.,.,Ausländeranteil,3,Obligatorisches Referendum,170076,74292,372,924,72996,36486,36510,43.7,50
12.02.2017,156,Bundesbeschluss über die Schaffung eines Verkehrsfonds,Bundesbeschluss über die Schaffung eines Fonds für die Nationalstrassen und den Agglomerationsverkehr,Verkehr und Infrastruktur,8,Verkehrspolitik,81,.,.,Öffentliche Finanzen,6,Steuerwesen,61,Indirekte Steuern,614,.,.,.,.,.,.,Urbanitätsgrad,3,Obligatorisches Referendum,170076,73867,1158,930,71779,42469,29310,43.4,59.2
12.02.2017,157,Unternehmenssteuerreformgesetz III,Bundesgesetz über steuerliche Massnahmen zur Stärkung der Wettbewerbsfähigkeit des Unternehmensstandorts Schweiz (Unternehmenssteuerreformgesetz III),Öffentliche Finanzen,6,Steuerwesen,61,Direkte Steuern,613,Wirtschaft,4,Wirtschaftspolitik,41,.,.,.,.,.,.,.,.,Zahlen zu Unternehmen,4,Fakultatives Referendum,170076,73826,1554,929,71343,28919,42424,43.4,40.5
21.05.2017,158,Energiegesetz,Energiegesetz (EnG),Energie,7,Energiepolitik,71,.,.,.,.,.,.,.,.,.,.,.,.,.,.,Gebäude nach Heizungsart oder nach Energieträger für Heizung/Warmwasser,4,Fakultatives Referendum,170472,67373,379,923,66071,33955,32116,39.5,51.4
24.09.2017,159,Bundesbeschluss zur Ernährungssicherheit,"Bundesbeschluss über die Ernährungssicherheit (direkter Gegenentwurf zur zurückgezogenen Volksinitiative ""für Ernährungssicherheit"")",Landwirtschaft,5,Agrarpolitik,51,.,.,.,.,.,.,.,.,.,.,.,.,.,.,Zahlen zu landwirtschaftlichen Betrieben und Beschäftigten,3,Obligatorisches Referendum,170991,78013,1478,1061,75474,53905,21569,45.6,71.4
24.09.2017,160,Bundebeschluss zur Zusatzfinanzierung der AHV,Bundesbeschluss über die Zusatzfinanzierung der AHV durch eine Erhöhung der Mehrwertsteuer,Soziale Fragen - Sozialpolitik,10,Sozialversicherungen,105,.,.,Öffentliche Finanzen,6,Sparmassnahmen - Sanierungsmassnahmen,64,.,.,.,.,.,.,.,.,Anteil Personen im Rentenalter,3,Obligatorisches Referendum,170991,78513,516,1081,76916,32910,44006,45.9,42.8
24.09.2017,161,BG über die Reform der Altersvorsorge 2020,Bundesgesetz über die Reform der Altersvorsorge 2020,Soziale Fragen - Sozialpolitik,10,Sozialversicherungen,105,.,.,Soziale Fragen - Sozialpolitik,10,Sozialversicherungen,107,.,.,.,.,.,.,.,.,Anteil Personen im Rentenalter,4,Fakultatives Referendum,170991,78406,571,1074,76761,30761,46000,45.9,40.1
